{"cameraMode":{"drawMode":0,"name":"Shaded","section":"Shading Mode"},"sceneLighting":true,"audioPlay":false,"sceneViewState":{"showFog":true,"showMaterialUpdate":false,"showSkybox":true,"showFlares":true,"showImageEffects":true,"showParticleSystems":true},"in2DMode":false,"pivot":{"x":-22.240842819213868,"y":8.104247093200684,"z":-9.158702850341797},"rotation":{"x":-0.23475706577301026,"y":-0.2983071208000183,"z":0.07595042139291763,"w":-0.922035813331604},"size":4.409503936767578,"orthographic":false}